"n","q","seed","B.or.B1","B.or.B2","B.or.B3","B.or.B4","B.cc.B1","B.cc.B2","B.cc.B3","B.cc.B4","B.ml.0.B1","B.ml.0.B2","B.ml.0.B3","B.ml.0.B4","B.ml.1.B1","B.ml.1.B2","B.ml.1.B3","B.ml.1.B4","B.ml.2.B1","B.ml.2.B2","B.ml.2.B3","B.ml.2.B4","B.sp.00.B1","B.sp.00.B2","B.sp.00.B3","B.sp.00.B4","B.sp.01.B1","B.sp.01.B2","B.sp.01.B3","B.sp.01.B4","B.sp.10.B1","B.sp.10.B2","B.sp.10.B3","B.sp.10.B4","B.sp.11.B1","B.sp.11.B2","B.sp.11.B3","B.sp.11.B4","B.sp.22.B1","B.sp.22.B2","B.sp.22.B3","B.sp.22.B4","V.or1","V.or2","V.or3","V.or4","V.cc1","V.cc2","V.cc3","V.cc4","V.ml.01","V.ml.02","V.ml.03","V.ml.04","V.ml.11","V.ml.12","V.ml.13","V.ml.14","V.ml.21","V.ml.22","V.ml.23","V.ml.24","V.sp.001","V.sp.002","V.sp.003","V.sp.004","V.sp.011","V.sp.012","V.sp.013","V.sp.014","V.sp.101","V.sp.102","V.sp.103","V.sp.104","V.sp.111","V.sp.112","V.sp.113","V.sp.114","V.sp.221","V.sp.222","V.sp.223","V.sp.224"
8000,0.8,1000001,0.991566251575071,10.0515180702565,2.00344140473314,-0.0234322087997191,1.14175962169397,9.74866999842223,1.8549500816994,-0.0535097919945038,2.05323000780977,7.99125948696075,0.851647333316149,0.202939615074179,1.10084275739077,9.8343907649294,1.87164043876088,-0.0218661274933338,1.08991873630492,9.87231756988541,1.87164444725118,0.00545963829102246,1.14773516369139,9.71653689452374,1.85574260971147,-0.0526906067440406,1.14786874255904,9.71708282923344,1.85455426754131,-0.0525827643299912,1.12313758984342,9.82059301314843,1.86122209132691,-0.0521165921598586,1.12347199620498,9.82014181434629,1.86067441492254,-0.0519909418562535,1.10241833898776,9.89129117533463,1.87044348235549,-0.0516347471948626,0.0361468937908777,0.0515918635435442,0.026127643740408,0.00803002849129329,0.0753885037664283,0.18087140380671,0.0647808320546965,0.0192112096934796,0.0375050105277807,0.0513362697298981,0.0329242247532211,0.0127428893741558,0.047149272713506,0.0712060764202506,0.0413984504063746,0.0151600162408384,0.0462287975721673,0.068648648175204,0.0402412433138332,0.0147813416819335,0.0750681056423933,0.179476229980991,0.0646550312032593,0.0192058695958305,0.0750672965161528,0.179462834226087,0.0646568798128019,0.019205767110806,0.0748864548896251,0.178176669491968,0.0646394241892238,0.0191954758660235,0.0748736687281472,0.178114936622695,0.064633302511305,0.0191947275602751,0.0747001318598666,0.177053914065519,0.0645810566607168,0.0191834588553619
