"n","q","seed","B.or.B1","B.or.B2","B.or.B3","B.or.B4","B.cc.B1","B.cc.B2","B.cc.B3","B.cc.B4","B.ml.0.B1","B.ml.0.B2","B.ml.0.B3","B.ml.0.B4","B.ml.1.B1","B.ml.1.B2","B.ml.1.B3","B.ml.1.B4","B.ml.2.B1","B.ml.2.B2","B.ml.2.B3","B.ml.2.B4","B.sp.00.B1","B.sp.00.B2","B.sp.00.B3","B.sp.00.B4","B.sp.01.B1","B.sp.01.B2","B.sp.01.B3","B.sp.01.B4","B.sp.10.B1","B.sp.10.B2","B.sp.10.B3","B.sp.10.B4","B.sp.11.B1","B.sp.11.B2","B.sp.11.B3","B.sp.11.B4","B.sp.22.B1","B.sp.22.B2","B.sp.22.B3","B.sp.22.B4","V.or1","V.or2","V.or3","V.or4","V.cc1","V.cc2","V.cc3","V.cc4","V.ml.01","V.ml.02","V.ml.03","V.ml.04","V.ml.11","V.ml.12","V.ml.13","V.ml.14","V.ml.21","V.ml.22","V.ml.23","V.ml.24","V.sp.001","V.sp.002","V.sp.003","V.sp.004","V.sp.011","V.sp.012","V.sp.013","V.sp.014","V.sp.101","V.sp.102","V.sp.103","V.sp.104","V.sp.111","V.sp.112","V.sp.113","V.sp.114","V.sp.221","V.sp.222","V.sp.223","V.sp.224"
8000,0.8,5000001,1.00036342235962,10.0277246116666,2.01078173465757,0.00681289116293914,1.07478897431796,9.90820527932747,1.96056769742652,0.0170985797757305,2.09123492986433,8.02146727619749,0.829541998700522,0.268665931486584,1.13252356630866,9.87438085429539,1.85684098653316,0.0320504284742046,0.964666217818203,10.2279123302888,1.97377389094931,0.0588497103475428,1.08215346054307,9.8640020140328,1.96390686008486,0.016777909888812,1.08130268008175,9.86747752799992,1.96329208516244,0.0168141342571854,1.06177046999301,9.96215013461651,1.963718229675,0.0142373491671762,1.06216455083705,9.9616805735274,1.96236638892512,0.0142400240377643,1.03562194699619,10.0567178060264,1.98046946105108,0.0115313901650676,0.035880837686209,0.0512945760153933,0.0256555685626278,0.00782189812858358,0.0765737809669956,0.179653521497165,0.0631471588908872,0.0170924491071853,0.0370177023055334,0.0503276799922807,0.0320985146150933,0.0116236554667781,0.0476946889003185,0.0714576614480413,0.040403631083322,0.0141509526160723,0.0474713809852649,0.071171835534816,0.0389728100325235,0.0140653537386111,0.0761762466300437,0.178053173239072,0.0629974174698084,0.0170863335053123,0.076176700720961,0.17804550227392,0.0630014558854446,0.0170862864735593,0.0761391440771184,0.177555011046392,0.0630086446251734,0.0170845709139995,0.076126899674273,0.177496205624795,0.0630066378264268,0.0170839540979899,0.0760385079516025,0.17712753464379,0.0628916882929737,0.0170812147780464
