"n","q","seed","B.or.B1","B.or.B2","B.or.B3","B.or.B4","B.cc.B1","B.cc.B2","B.cc.B3","B.cc.B4","B.ml.0.B1","B.ml.0.B2","B.ml.0.B3","B.ml.0.B4","B.ml.1.B1","B.ml.1.B2","B.ml.1.B3","B.ml.1.B4","B.ml.2.B1","B.ml.2.B2","B.ml.2.B3","B.ml.2.B4","B.sp.00.B1","B.sp.00.B2","B.sp.00.B3","B.sp.00.B4","B.sp.01.B1","B.sp.01.B2","B.sp.01.B3","B.sp.01.B4","B.sp.10.B1","B.sp.10.B2","B.sp.10.B3","B.sp.10.B4","B.sp.11.B1","B.sp.11.B2","B.sp.11.B3","B.sp.11.B4","B.sp.22.B1","B.sp.22.B2","B.sp.22.B3","B.sp.22.B4","V.or1","V.or2","V.or3","V.or4","V.cc1","V.cc2","V.cc3","V.cc4","V.ml.01","V.ml.02","V.ml.03","V.ml.04","V.ml.11","V.ml.12","V.ml.13","V.ml.14","V.ml.21","V.ml.22","V.ml.23","V.ml.24","V.sp.001","V.sp.002","V.sp.003","V.sp.004","V.sp.011","V.sp.012","V.sp.013","V.sp.014","V.sp.101","V.sp.102","V.sp.103","V.sp.104","V.sp.111","V.sp.112","V.sp.113","V.sp.114","V.sp.221","V.sp.222","V.sp.223","V.sp.224"
8000,0.8,6000001,1.0522346663603,9.91718191868933,1.96091623810469,-0.00201664292994577,0.932492385531138,10.11671145258,2.05370039456398,-0.0073569824346706,2.05660767885212,7.98143166131425,0.871592875629697,0.241365306826151,1.00219047241811,9.98672671394545,2.00846619924696,-0.0299967946364052,0.855232330857897,10.3271124236196,2.10377824523178,-0.0156631358549009,0.934615214606754,10.0800677877273,2.06217633436698,-0.00699730243244987,0.933989152885216,10.0826874978151,2.0611289021835,-0.00692442167916801,0.931470223819489,10.1217663734479,2.05196950942704,-0.0068464521601645,0.932182761510017,10.120613102688,2.05016322284971,-0.00667808011461659,0.912816113286779,10.1948919835064,2.06153718237659,-0.00809771731312768,0.0358637755319688,0.0509788275424169,0.0257310167266278,0.00778807763079432,0.0758424970744751,0.177447291920578,0.0635394671144259,0.0167190916661645,0.0369056779080022,0.0506039975041136,0.0329311876666117,0.0115077740909201,0.0480125650103901,0.0730118738539045,0.0416988658542903,0.0142836523405748,0.0483737653354065,0.0740730014618783,0.041190203257537,0.0142209349845329,0.0755111142042795,0.176141729730711,0.0633925071712288,0.0167146755658518,0.0755100174398653,0.176129374178561,0.0633954772483408,0.0167146172625237,0.0754728839020081,0.175571361062086,0.0634402779287188,0.016710408980119,0.0754577687078608,0.175502998902569,0.0634360841780336,0.0167097259854291,0.0754644267755003,0.175359449838801,0.0634280722892252,0.0167066789236777
