"n","q","seed","B.or.B1","B.or.B2","B.or.B3","B.or.B4","B.cc.B1","B.cc.B2","B.cc.B3","B.cc.B4","B.ml.0.B1","B.ml.0.B2","B.ml.0.B3","B.ml.0.B4","B.ml.1.B1","B.ml.1.B2","B.ml.1.B3","B.ml.1.B4","B.ml.2.B1","B.ml.2.B2","B.ml.2.B3","B.ml.2.B4","B.sp.00.B1","B.sp.00.B2","B.sp.00.B3","B.sp.00.B4","B.sp.01.B1","B.sp.01.B2","B.sp.01.B3","B.sp.01.B4","B.sp.10.B1","B.sp.10.B2","B.sp.10.B3","B.sp.10.B4","B.sp.11.B1","B.sp.11.B2","B.sp.11.B3","B.sp.11.B4","B.sp.22.B1","B.sp.22.B2","B.sp.22.B3","B.sp.22.B4","V.or1","V.or2","V.or3","V.or4","V.cc1","V.cc2","V.cc3","V.cc4","V.ml.01","V.ml.02","V.ml.03","V.ml.04","V.ml.11","V.ml.12","V.ml.13","V.ml.14","V.ml.21","V.ml.22","V.ml.23","V.ml.24","V.sp.001","V.sp.002","V.sp.003","V.sp.004","V.sp.011","V.sp.012","V.sp.013","V.sp.014","V.sp.101","V.sp.102","V.sp.103","V.sp.104","V.sp.111","V.sp.112","V.sp.113","V.sp.114","V.sp.221","V.sp.222","V.sp.223","V.sp.224"
8000,0.8,8000001,0.998473484522791,10.0091552269399,1.99510034829862,0.0198702432315631,0.933422722617547,10.1644711500748,2.06025042056164,0.0285526933725774,2.09770336324621,7.92200263123755,0.842450756658069,0.269811064953256,1.00957768071141,9.96789789112023,2.00805076839809,0.022348558553201,0.826135483139014,10.3397705368946,2.1515057537205,0.0706332235285527,0.938540237385583,10.1197091311257,2.06671362653581,0.0298926431409918,0.937712049048971,10.1229440902103,2.06603680313798,0.0299606901903757,0.939166332454577,10.1478556011695,2.05501135214972,0.0303423877266138,0.94082893960509,10.1441321403679,2.05327314256534,0.0303780234655221,0.89988221084357,10.2664170691537,2.08294257935377,0.0310646925920964,0.0352213645936081,0.0510654061694953,0.0257083880580702,0.00784572737683643,0.0741628799666026,0.173331530072819,0.0628667402349666,0.0167318228449179,0.0361076225517925,0.0507087056188604,0.0317085093810489,0.0115481759911755,0.046728684522473,0.0721456543482968,0.0403943038608401,0.0139817609705967,0.0445814765043472,0.0677955766542012,0.0366746223511567,0.0134674855887162,0.0738264357828786,0.171969970914123,0.0627403527685233,0.0167275888557864,0.0738296395820556,0.171970750746738,0.0627435248447609,0.0167275024418536,0.0737543458933483,0.171372834065676,0.0627364102048205,0.0167213307999277,0.0737344921460685,0.171291751441885,0.0627258343102599,0.0167205736535763,0.0736609496119763,0.17081409389144,0.0626258988367644,0.0167104342967926
