"n","q","seed","B.or.B1","B.or.B2","B.or.B3","B.or.B4","B.cc.B1","B.cc.B2","B.cc.B3","B.cc.B4","B.ml.0.B1","B.ml.0.B2","B.ml.0.B3","B.ml.0.B4","B.ml.1.B1","B.ml.1.B2","B.ml.1.B3","B.ml.1.B4","B.ml.2.B1","B.ml.2.B2","B.ml.2.B3","B.ml.2.B4","B.sp.00.B1","B.sp.00.B2","B.sp.00.B3","B.sp.00.B4","B.sp.01.B1","B.sp.01.B2","B.sp.01.B3","B.sp.01.B4","B.sp.10.B1","B.sp.10.B2","B.sp.10.B3","B.sp.10.B4","B.sp.11.B1","B.sp.11.B2","B.sp.11.B3","B.sp.11.B4","B.sp.22.B1","B.sp.22.B2","B.sp.22.B3","B.sp.22.B4","V.or1","V.or2","V.or3","V.or4","V.cc1","V.cc2","V.cc3","V.cc4","V.ml.01","V.ml.02","V.ml.03","V.ml.04","V.ml.11","V.ml.12","V.ml.13","V.ml.14","V.ml.21","V.ml.22","V.ml.23","V.ml.24","V.sp.001","V.sp.002","V.sp.003","V.sp.004","V.sp.011","V.sp.012","V.sp.013","V.sp.014","V.sp.101","V.sp.102","V.sp.103","V.sp.104","V.sp.111","V.sp.112","V.sp.113","V.sp.114","V.sp.221","V.sp.222","V.sp.223","V.sp.224"
8000,0.8,9000001,0.967880765552809,10.0452174287935,2.0150346064427,-0.00683558454605904,1.11353077393086,9.70544892687742,1.94703802475466,0.0205546619808682,2.11362587118145,7.90292642450394,0.855946287825142,0.280660049414349,1.00650470095455,9.98718663810907,2.05215146931104,0.0541118760144514,1.14739643566452,9.80490387888233,1.90697459087135,0.0989921340902664,1.1101375908524,9.69393815630012,1.95586176882543,0.0204538688590246,1.11021197305177,9.69429434343987,1.95458464205508,0.0205465878471463,1.08494815858917,9.80406520603948,1.96072296341782,0.022099862777825,1.08472812559157,9.8042956449747,1.96144577392518,0.0220961049047975,1.06223815142303,9.89566888756037,1.96452310037261,0.0226916091885153,0.0363551662156632,0.0520104796124685,0.0259954419572388,0.00790396071508244,0.0788239683932836,0.180822263144948,0.0644281268006731,0.0177174937292913,0.0372945421246092,0.0510618030036291,0.0313394366620047,0.0116755490817486,0.048071864311896,0.0724082212555207,0.0395051384624665,0.0142314009839587,0.0481471700774385,0.071316199443117,0.0399401551696495,0.0136508710033003,0.0783441416343795,0.179000584124952,0.0642402470683295,0.0177071632495653,0.0783419541843315,0.178980838584325,0.0642425070496728,0.0177068650446212,0.0781735110111478,0.177781892994978,0.0642514204422949,0.0176997847386329,0.0781448851765975,0.177670958281196,0.0642354138967699,0.0176984169641943,0.0779041696905241,0.176254618333571,0.0642102322697637,0.0176819598099042
