"n","q","seed","B.or.B1","B.or.B2","B.or.B3","B.or.B4","B.cc.B1","B.cc.B2","B.cc.B3","B.cc.B4","B.ml.0.B1","B.ml.0.B2","B.ml.0.B3","B.ml.0.B4","B.ml.1.B1","B.ml.1.B2","B.ml.1.B3","B.ml.1.B4","B.ml.2.B1","B.ml.2.B2","B.ml.2.B3","B.ml.2.B4","B.sp.00.B1","B.sp.00.B2","B.sp.00.B3","B.sp.00.B4","B.sp.01.B1","B.sp.01.B2","B.sp.01.B3","B.sp.01.B4","B.sp.10.B1","B.sp.10.B2","B.sp.10.B3","B.sp.10.B4","B.sp.11.B1","B.sp.11.B2","B.sp.11.B3","B.sp.11.B4","B.sp.22.B1","B.sp.22.B2","B.sp.22.B3","B.sp.22.B4","V.or1","V.or2","V.or3","V.or4","V.cc1","V.cc2","V.cc3","V.cc4","V.ml.01","V.ml.02","V.ml.03","V.ml.04","V.ml.11","V.ml.12","V.ml.13","V.ml.14","V.ml.21","V.ml.22","V.ml.23","V.ml.24","V.sp.001","V.sp.002","V.sp.003","V.sp.004","V.sp.011","V.sp.012","V.sp.013","V.sp.014","V.sp.101","V.sp.102","V.sp.103","V.sp.104","V.sp.111","V.sp.112","V.sp.113","V.sp.114","V.sp.221","V.sp.222","V.sp.223","V.sp.224"
8000,0.8,1,0.989927882396245,10.0401871933955,1.98897100208975,0.0220264003111723,1.12045649217189,9.81264454829011,1.83217466758839,0.066493906216086,1.96372940949357,8.32328011498825,0.832371793600414,0.247086433481714,0.935628417314146,10.1413197636307,2.03337523399559,0.0728572558249115,0.84664456143698,10.4534851496423,2.05363386206734,0.108769453293255,1.14284282088999,9.72976043512856,1.82528794815038,0.0672117405961328,1.14313624293434,9.72929378320033,1.82435841147741,0.0672970861147233,1.11610705467174,9.83081807045709,1.83856575258254,0.0649856023937482,1.11465752343729,9.83448172146229,1.84340092831794,0.0648957818488772,1.08342122422014,9.97536250566088,1.85168539449185,0.061380281056946,0.035740108028331,0.0515709314426302,0.0256115551209649,0.00776614567655445,0.0751848018538863,0.17411919299928,0.0606970544596405,0.0164167856083085,0.0378600187709372,0.0533631578568915,0.0327799904544818,0.0117592156493113,0.0465123115252551,0.07206539005905,0.0380722282656415,0.013561521745963,0.0483418216233496,0.0748406157706935,0.0391215932189729,0.0132321160591411,0.0747642465231994,0.172377555589895,0.0605617176955729,0.0164100102592544,0.0747610855418016,0.172353974443435,0.0605634892141066,0.016409720031404,0.0747425169252929,0.172011507626472,0.0605673754727445,0.0164056679301291,0.074711656489259,0.171903897273885,0.0605408930941492,0.0164044401401268,0.0746558130336444,0.17132572614311,0.0605197284699433,0.0163926257269931
