"n","q","seed","B.or.B1","B.or.B2","B.or.B3","B.or.B4","B.cc.B1","B.cc.B2","B.cc.B3","B.cc.B4","B.ml.0.B1","B.ml.0.B2","B.ml.0.B3","B.ml.0.B4","B.ml.1.B1","B.ml.1.B2","B.ml.1.B3","B.ml.1.B4","B.ml.2.B1","B.ml.2.B2","B.ml.2.B3","B.ml.2.B4","B.sp.00.B1","B.sp.00.B2","B.sp.00.B3","B.sp.00.B4","B.sp.01.B1","B.sp.01.B2","B.sp.01.B3","B.sp.01.B4","B.sp.10.B1","B.sp.10.B2","B.sp.10.B3","B.sp.10.B4","B.sp.11.B1","B.sp.11.B2","B.sp.11.B3","B.sp.11.B4","B.sp.22.B1","B.sp.22.B2","B.sp.22.B3","B.sp.22.B4","V.or1","V.or2","V.or3","V.or4","V.cc1","V.cc2","V.cc3","V.cc4","V.ml.01","V.ml.02","V.ml.03","V.ml.04","V.ml.11","V.ml.12","V.ml.13","V.ml.14","V.ml.21","V.ml.22","V.ml.23","V.ml.24","V.sp.001","V.sp.002","V.sp.003","V.sp.004","V.sp.011","V.sp.012","V.sp.013","V.sp.014","V.sp.101","V.sp.102","V.sp.103","V.sp.104","V.sp.111","V.sp.112","V.sp.113","V.sp.114","V.sp.221","V.sp.222","V.sp.223","V.sp.224"
8000,0.8,3000001,1.08005609299975,9.93006212535419,1.93678520388427,0.0142403025962706,0.963352114435845,10.1269875646053,2.0233971081167,0.0554035840775869,2.07801962335951,8.14398327491935,0.794720801823338,0.27176308855306,1.04418812776652,9.99220069705785,1.95554078573125,0.037047239818116,1.19021425159845,9.7709529590394,1.81832676672783,0.0497715130431575,0.973624810517843,10.067999133004,2.02677661997556,0.0557771657482147,0.972177510539094,10.0720225294399,2.02628363081819,0.0558764046277928,0.972579634564608,10.0953932980982,2.01798107836913,0.0557814029963775,0.972934243286576,10.0941782264969,2.01708665860072,0.055907042285979,0.970776754443597,10.1111181914955,2.01245151463071,0.0547714256415819,0.0359168252625203,0.0513005849513634,0.0259052660056544,0.00775693337652103,0.0748740658379301,0.174377483168489,0.0635295039405734,0.0167961811966489,0.0367590969036097,0.0518063737709763,0.0321402288100083,0.0118381883897504,0.0466297119387664,0.071238517451509,0.0395608057991787,0.0139241720464557,0.0480998452864145,0.073299797449622,0.0416111906788811,0.0138588926701776,0.0745790636101111,0.17306736248567,0.0634230068369133,0.0167913821505444,0.0745795281366181,0.173063082803682,0.0634213709819278,0.0167913668059149,0.0744988890647099,0.172559272932225,0.0634046256524412,0.0167851843822155,0.0744802552004539,0.172488052036916,0.0633898848418125,0.0167842686684589,0.0744993305528745,0.172480554885779,0.0634107094866073,0.0167830921562258
