"n","q","seed","B.or.B1","B.or.B2","B.or.B3","B.or.B4","B.cc.B1","B.cc.B2","B.cc.B3","B.cc.B4","B.ml.0.B1","B.ml.0.B2","B.ml.0.B3","B.ml.0.B4","B.ml.1.B1","B.ml.1.B2","B.ml.1.B3","B.ml.1.B4","B.ml.2.B1","B.ml.2.B2","B.ml.2.B3","B.ml.2.B4","B.sp.00.B1","B.sp.00.B2","B.sp.00.B3","B.sp.00.B4","B.sp.01.B1","B.sp.01.B2","B.sp.01.B3","B.sp.01.B4","B.sp.10.B1","B.sp.10.B2","B.sp.10.B3","B.sp.10.B4","B.sp.11.B1","B.sp.11.B2","B.sp.11.B3","B.sp.11.B4","B.sp.22.B1","B.sp.22.B2","B.sp.22.B3","B.sp.22.B4","V.or1","V.or2","V.or3","V.or4","V.cc1","V.cc2","V.cc3","V.cc4","V.ml.01","V.ml.02","V.ml.03","V.ml.04","V.ml.11","V.ml.12","V.ml.13","V.ml.14","V.ml.21","V.ml.22","V.ml.23","V.ml.24","V.sp.001","V.sp.002","V.sp.003","V.sp.004","V.sp.011","V.sp.012","V.sp.013","V.sp.014","V.sp.101","V.sp.102","V.sp.103","V.sp.104","V.sp.111","V.sp.112","V.sp.113","V.sp.114","V.sp.221","V.sp.222","V.sp.223","V.sp.224"
8000,0.8,4000001,1.02272629626316,9.9876268347123,1.98832235775378,0.0261431146254878,1.06169148585945,9.95581852152262,1.97926190759362,0.0576543113756281,1.95854313914868,8.25872413387518,0.936399031121886,0.276903524794379,1.10099199514454,9.87321120050965,1.88766546508561,0.0717624524060987,1.04074010763125,10.0428994251271,1.91410539934198,0.106450772455667,1.06541163122774,9.92163198669113,1.98545413061103,0.0576746836896956,1.0645980542504,9.92417162873569,1.98508866652615,0.0576443427147065,1.0583618403058,9.96969192371503,1.97983538070541,0.0581349874590196,1.05829301699986,9.96952889206887,1.97936470362413,0.0581227860430414,1.0276850494007,10.0737590795402,1.99469901958503,0.0577773513455504,0.0342408654442303,0.050302326093284,0.0248415725192174,0.00769667948849811,0.0710924575898969,0.170512175572626,0.0599997508242885,0.0169384364204988,0.035728856328883,0.0514443637797531,0.0312278764473532,0.0117641050830868,0.0430504957264274,0.0672883218684406,0.0372159564692539,0.0136574853304992,0.0423239223987864,0.0651620441526936,0.035943631586686,0.0133097905937274,0.0707406505093846,0.168994762881941,0.0598872909644243,0.0169316955010561,0.0707399039858653,0.168981225704089,0.0598877682798717,0.0169314241076438,0.0707179723476692,0.1686380701845,0.0598914791000519,0.016923768595782,0.0706969988901681,0.168545789723298,0.0598812459485499,0.0169224196141181,0.0706080765678949,0.16793302355631,0.0598221425451855,0.0169104109190533
