"n","q","B2","s2","x.theta.scale","x.gamma","c.gamma","x.correct","c.correct","mx","mc","my","seed","Bor.B1","Bor.B2","Bor.B3","Bor.B4","Bcc.B1","Bcc.B2","Bcc.B3","Bcc.B4","Bml.B1","Bml.B2","Bml.B3","Bml.B4","Bsp.B1","Bsp.B2","Bsp.B3","Bsp.B4"
4000,0.8,10,4,0.5,1,4,1,1,60,20,5,1,1.04186938823664,9.85403970023336,1.94829174505943,1.36443483142577,1.22298865319894,9.29363392535901,1.81322573263545,1.32607897123342,0.944110306398249,9.9876694274555,2.03598025969841,1.35674210944086,1.07607795700227,9.77014327687288,1.92627833605403,1.3303238081126
4000,0.8,10,4,0.5,1,4,0,1,60,20,5,1,1.04186938823664,9.85403970023336,1.94829174505943,1.36443483142577,1.22298865319894,9.29363392535901,1.81322573263545,1.32607897123342,2.09508293262225,8.09544430829404,0.747179565458356,1.40036385018108,1.28248668020053,9.15210854127606,1.74744069043948,1.32773682345039
4000,0.8,10,4,0.5,1,4,1,0,60,20,5,1,1.04186938823664,9.85403970023336,1.94829174505943,1.36443483142577,1.22298865319894,9.29363392535901,1.81322573263545,1.32607897123342,0.944110306398249,9.9876694274555,2.03598025969841,1.35674210944086,1.16207638763289,9.51977961127895,1.84620825471795,1.32406576878793
4000,0.8,10,4,0.5,1,4,0,0,60,20,5,1,1.04186938823664,9.85403970023336,1.94829174505943,1.36443483142577,1.22298865319894,9.29363392535901,1.81322573263545,1.32607897123342,2.09508293262225,8.09544430829404,0.747179565458356,1.40036385018108,1.24575285200255,9.23932207758909,1.79396627119979,1.32620403490013
