"n","q","B2","s2","x.theta.scale","x.gamma","c.gamma","x.correct","c.correct","mx","mc","my","seed","Bor.B1","Bor.B2","Bor.B3","Bor.B4","Bcc.B1","Bcc.B2","Bcc.B3","Bcc.B4","Bml.B1","Bml.B2","Bml.B3","Bml.B4","Bsp.B1","Bsp.B2","Bsp.B3","Bsp.B4"
4000,0.8,10,4,0.5,1,4,1,1,60,20,5,1000001,1.00312201384785,9.87949125732676,2.09836068986881,1.40445597006897,0.957807899091354,9.69258446853151,2.11234699813113,1.32247008753285,0.789474858135843,10.0117321518702,2.28015261923547,1.37516279742506,0.888022956581239,9.90682663296631,2.18392782393037,1.31989647274297
4000,0.8,10,4,0.5,1,4,0,1,60,20,5,1000001,1.00312201384785,9.87949125732676,2.09836068986881,1.40445597006897,0.957807899091354,9.69258446853151,2.11234699813113,1.32247008753285,1.99514651750442,8.12993989805163,0.948702145015655,1.40478239469871,1.15297380787616,9.16822851798727,1.95631176136944,1.3287384306753
4000,0.8,10,4,0.5,1,4,1,0,60,20,5,1000001,1.00312201384785,9.87949125732676,2.09836068986881,1.40445597006897,0.957807899091354,9.69258446853151,2.11234699813113,1.32247008753285,0.789474858135843,10.0117321518702,2.28015261923547,1.37516279742506,0.936773831666308,9.7681340354067,2.12667202457599,1.32344268327682
4000,0.8,10,4,0.5,1,4,0,0,60,20,5,1000001,1.00312201384785,9.87949125732676,2.09836068986881,1.40445597006897,0.957807899091354,9.69258446853151,2.11234699813113,1.32247008753285,1.99514651750442,8.12993989805163,0.948702145015655,1.40478239469871,1.0633261287827,9.39054580845108,2.03951883654746,1.32468824059926
