"n","q","B2","s2","x.theta.scale","x.gamma","c.gamma","x.correct","c.correct","mx","mc","my","seed","Bor.B1","Bor.B2","Bor.B3","Bor.B4","Bcc.B1","Bcc.B2","Bcc.B3","Bcc.B4","Bml.B1","Bml.B2","Bml.B3","Bml.B4","Bsp.B1","Bsp.B2","Bsp.B3","Bsp.B4"
4000,0.8,10,4,0.5,1,4,1,1,60,20,5,2000001,0.946439442458431,9.96481672677773,2.10594453431661,1.40308484966027,1.00524312791846,9.79602590565641,1.94777627209171,1.43620105886871,0.870153689948756,10.1585132643278,2.10800219684636,1.36721310042126,0.976477617616262,9.86659126037222,1.97287521113853,1.44439418883974
4000,0.8,10,4,0.5,1,4,0,1,60,20,5,2000001,0.946439442458431,9.96481672677773,2.10594453431661,1.40308484966027,1.00524312791846,9.79602590565641,1.94777627209171,1.43620105886871,1.93993314544856,8.28435084853404,0.945730275853303,1.39046610284207,1.32010851693549,8.91402833083943,1.68023217736985,1.45757205203099
4000,0.8,10,4,0.5,1,4,1,0,60,20,5,2000001,0.946439442458431,9.96481672677773,2.10594453431661,1.40308484966027,1.00524312791846,9.79602590565641,1.94777627209171,1.43620105886871,0.870153689948756,10.1585132643278,2.10800219684636,1.36721310042126,0.997655935500492,9.82095538885898,1.95163854170787,1.43787610143846
4000,0.8,10,4,0.5,1,4,0,0,60,20,5,2000001,0.946439442458431,9.96481672677773,2.10594453431661,1.40308484966027,1.00524312791846,9.79602590565641,1.94777627209171,1.43620105886871,1.93993314544856,8.28435084853404,0.945730275853303,1.39046610284207,1.16155937914839,9.3335062570507,1.83966766764796,1.44103615465422
