"n","q","B2","s2","x.theta.scale","x.gamma","c.gamma","x.correct","c.correct","mx","mc","my","seed","Bor.B1","Bor.B2","Bor.B3","Bor.B4","Bcc.B1","Bcc.B2","Bcc.B3","Bcc.B4","Bml.B1","Bml.B2","Bml.B3","Bml.B4","Bsp.B1","Bsp.B2","Bsp.B3","Bsp.B4"
4000,0.8,10,4,0.5,1,4,1,1,60,20,5,3000001,1.11270327372917,9.75984937182035,1.97458532860628,1.393474862727,0.930196179569589,10.1967039678811,2.17438705574059,1.44139671641782,1.09147647104136,9.73655169766823,2.12805514271829,1.43399331029959,1.00892090482282,9.90628497499709,2.12398494085226,1.44129742789128
4000,0.8,10,4,0.5,1,4,0,1,60,20,5,3000001,1.11270327372917,9.75984937182035,1.97458532860628,1.393474862727,0.930196179569589,10.1967039678811,2.17438705574059,1.44139671641782,2.26956197191032,7.78297035701776,0.821001474177568,1.47810815199836,1.27782254081754,9.15128080152886,1.90148259576802,1.45277110311047
4000,0.8,10,4,0.5,1,4,1,0,60,20,5,3000001,1.11270327372917,9.75984937182035,1.97458532860628,1.393474862727,0.930196179569589,10.1967039678811,2.17438705574059,1.44139671641782,1.09147647104136,9.73655169766823,2.12805514271829,1.43399331029959,0.971894618466256,10.0342771226444,2.15312112174025,1.44117997947849
4000,0.8,10,4,0.5,1,4,0,0,60,20,5,3000001,1.11270327372917,9.75984937182035,1.97458532860628,1.393474862727,0.930196179569589,10.1967039678811,2.17438705574059,1.44139671641782,2.26956197191032,7.78297035701776,0.821001474177568,1.47810815199836,1.10099295368877,9.64980183540112,2.06311003221499,1.44343539761632
