"n","q","B2","s2","x.theta.scale","x.gamma","c.gamma","x.correct","c.correct","mx","mc","my","seed","Bor.B1","Bor.B2","Bor.B3","Bor.B4","Bcc.B1","Bcc.B2","Bcc.B3","Bcc.B4","Bml.B1","Bml.B2","Bml.B3","Bml.B4","Bsp.B1","Bsp.B2","Bsp.B3","Bsp.B4"
4000,0.8,10,4,0.5,1,4,1,1,60,20,5,4000001,0.966723285540024,10.1423492416891,1.93366861750765,1.39357939516175,0.917796207379245,10.6631057067664,1.86301303065164,1.40179797499334,0.958050592019023,10.2099968105537,1.98690552760319,1.41131810060214,0.977799043695877,10.401086830531,1.83714043052866,1.41109489491287
4000,0.8,10,4,0.5,1,4,0,1,60,20,5,4000001,0.966723285540024,10.1423492416891,1.93366861750765,1.39357939516175,0.917796207379245,10.6631057067664,1.86301303065164,1.40179797499334,2.06596022233747,8.24090613584204,0.770669836126701,1.4471640914297,1.23671985732679,9.65627622318514,1.62860115734037,1.41683921491376
4000,0.8,10,4,0.5,1,4,1,0,60,20,5,4000001,0.966723285540024,10.1423492416891,1.93366861750765,1.39357939516175,0.917796207379245,10.6631057067664,1.86301303065164,1.40179797499334,0.958050592019023,10.2099968105537,1.98690552760319,1.41131810060214,0.958589300519376,10.5039076332038,1.84447100741065,1.40392168471164
4000,0.8,10,4,0.5,1,4,0,0,60,20,5,4000001,0.966723285540024,10.1423492416891,1.93366861750765,1.39357939516175,0.917796207379245,10.6631057067664,1.86301303065164,1.40179797499334,2.06596022233747,8.24090613584204,0.770669836126701,1.4471640914297,1.08158608411088,10.1282885876374,1.76375048737691,1.40577036744357
