"n","q","B2","s2","x.theta.scale","x.gamma","c.gamma","x.correct","c.correct","mx","mc","my","seed","Bor.B1","Bor.B2","Bor.B3","Bor.B4","Bcc.B1","Bcc.B2","Bcc.B3","Bcc.B4","Bml.B1","Bml.B2","Bml.B3","Bml.B4","Bsp.B1","Bsp.B2","Bsp.B3","Bsp.B4"
4000,0.8,10,4,0.5,1,4,1,1,60,20,5,5000001,0.956584585498302,10.0542577777467,2.03077857982865,1.42381562611623,0.84816874491979,9.84621116251826,2.33603544325208,1.40596367335542,0.880038960521618,10.0948388561988,2.16104173806949,1.43913416576527,0.797476050862537,10.0753477956411,2.35100014122573,1.40067586582419
4000,0.8,10,4,0.5,1,4,0,1,60,20,5,5000001,0.956584585498302,10.0542577777467,2.03077857982865,1.42381562611623,0.84816874491979,9.84621116251826,2.33603544325208,1.40596367335542,2.06555854887968,8.15948455271688,0.854728314163068,1.47720982344747,1.09278084958387,9.2145658075856,2.12562404049206,1.42243660260175
4000,0.8,10,4,0.5,1,4,1,0,60,20,5,5000001,0.956584585498302,10.0542577777467,2.03077857982865,1.42381562611623,0.84816874491979,9.84621116251826,2.33603544325208,1.40596367335542,0.880038960521618,10.0948388561988,2.16104173806949,1.43913416576527,0.802036108153318,10.0258525000464,2.35561975271778,1.40867123214279
4000,0.8,10,4,0.5,1,4,0,0,60,20,5,5000001,0.956584585498302,10.0542577777467,2.03077857982865,1.42381562611623,0.84816874491979,9.84621116251826,2.33603544325208,1.40596367335542,2.06555854887968,8.15948455271688,0.854728314163068,1.47720982344747,0.958195881826101,9.54712408802824,2.25228973932012,1.41113165453974
