"n","q","B2","s2","x.theta.scale","x.gamma","c.gamma","x.correct","c.correct","mx","mc","my","seed","Bor.B1","Bor.B2","Bor.B3","Bor.B4","Bcc.B1","Bcc.B2","Bcc.B3","Bcc.B4","Bml.B1","Bml.B2","Bml.B3","Bml.B4","Bsp.B1","Bsp.B2","Bsp.B3","Bsp.B4"
4000,0.8,10,4,0.5,1,4,1,1,60,20,5,6000001,0.997584268361201,9.9698645890321,1.99083060492068,1.41709095945272,0.883036590837524,10.5146755007693,1.94104494627465,1.4509332997707,1.20204434378502,9.58863719792324,1.70776951553934,1.43598190663827,1.06045369815272,9.94735233840621,1.79403014181775,1.4510991668412
4000,0.8,10,4,0.5,1,4,0,1,60,20,5,6000001,0.997584268361201,9.9698645890321,1.99083060492068,1.41709095945272,0.883036590837524,10.5146755007693,1.94104494627465,1.4509332997707,2.06259315611507,8.19811741961778,0.776947073392829,1.46481519178993,1.26110221831511,9.37657070188408,1.63327834455313,1.46549113801312
4000,0.8,10,4,0.5,1,4,1,0,60,20,5,6000001,0.997584268361201,9.9698645890321,1.99083060492068,1.41709095945272,0.883036590837524,10.5146755007693,1.94104494627465,1.4509332997707,1.20204434378502,9.58863719792324,1.70776951553934,1.43598190663827,0.96432747337856,10.2307938515288,1.89203089741949,1.44998893230132
4000,0.8,10,4,0.5,1,4,0,0,60,20,5,6000001,0.997584268361201,9.9698645890321,1.99083060492068,1.41709095945272,0.883036590837524,10.5146755007693,1.94104494627465,1.4509332997707,2.06259315611507,8.19811741961778,0.776947073392829,1.46481519178993,1.07403037982814,9.90823679444627,1.81387485769304,1.45278074556884
