"n","q","B2","s2","x.theta.scale","x.gamma","c.gamma","x.correct","c.correct","mx","mc","my","seed","Bor.B1","Bor.B2","Bor.B3","Bor.B4","Bcc.B1","Bcc.B2","Bcc.B3","Bcc.B4","Bml.B1","Bml.B2","Bml.B3","Bml.B4","Bsp.B1","Bsp.B2","Bsp.B3","Bsp.B4"
4000,0.8,10,4,0.5,1,4,1,1,60,20,5,7000001,1.02145134622331,9.97020343216587,2.0365180985386,1.3910849863094,1.43430090149917,9.23035968710378,1.70347027757619,1.38832758568801,1.09250679837658,9.73667884519117,2.05734233511992,1.41345140248996,1.344352280969,9.46777834907234,1.81218512332022,1.38296660598975
4000,0.8,10,4,0.5,1,4,0,1,60,20,5,7000001,1.02145134622331,9.97020343216587,2.0365180985386,1.3910849863094,1.43430090149917,9.23035968710378,1.70347027757619,1.38832758568801,2.17107516158893,8.12285230081983,0.779414519376407,1.43026745717143,1.57198196786768,8.84244014724874,1.596142775008,1.38829276032142
4000,0.8,10,4,0.5,1,4,1,0,60,20,5,7000001,1.02145134622331,9.97020343216587,2.0365180985386,1.3910849863094,1.43430090149917,9.23035968710378,1.70347027757619,1.38832758568801,1.09250679837658,9.73667884519117,2.05734233511992,1.41345140248996,1.41517370218852,9.29343856913602,1.72020590897513,1.38640660391863
4000,0.8,10,4,0.5,1,4,0,0,60,20,5,7000001,1.02145134622331,9.97020343216587,2.0365180985386,1.3910849863094,1.43430090149917,9.23035968710378,1.70347027757619,1.38832758568801,2.17107516158893,8.12285230081983,0.779414519376407,1.43026745717143,1.5091228955931,9.0102034669527,1.6523827946117,1.38822413733475
