"n","q","B2","s2","x.theta.scale","x.gamma","c.gamma","x.correct","c.correct","mx","mc","my","seed","Bor.B1","Bor.B2","Bor.B3","Bor.B4","Bcc.B1","Bcc.B2","Bcc.B3","Bcc.B4","Bml.B1","Bml.B2","Bml.B3","Bml.B4","Bsp.B1","Bsp.B2","Bsp.B3","Bsp.B4"
4000,0.8,10,4,0.5,1,4,1,1,60,20,5,8000001,0.899950273487096,10.2090959381036,2.03424019786014,1.38929938933176,0.834923030799742,10.3124557457581,2.11240117037134,1.35410581882802,0.766878758381959,10.3268966473755,2.21368239049337,1.39637792173863,0.830897795736821,10.2794640107585,2.15029549520326,1.36228061724772
4000,0.8,10,4,0.5,1,4,0,1,60,20,5,8000001,0.899950273487096,10.2090959381036,2.03424019786014,1.38929938933176,0.834923030799742,10.3124557457581,2.11240117037134,1.35410581882802,2.10657718523763,8.21048281684917,0.763078828204405,1.44772294455852,1.06517719305171,9.62749605397776,1.94939509664504,1.37000519058099
4000,0.8,10,4,0.5,1,4,1,0,60,20,5,8000001,0.899950273487096,10.2090959381036,2.03424019786014,1.38929938933176,0.834923030799742,10.3124557457581,2.11240117037134,1.35410581882802,0.766878758381959,10.3268966473755,2.21368239049337,1.39637792173863,0.848454929145167,10.2569675899149,2.10966864757481,1.35622276299891
4000,0.8,10,4,0.5,1,4,0,0,60,20,5,8000001,0.899950273487096,10.2090959381036,2.03424019786014,1.38929938933176,0.834923030799742,10.3124557457581,2.11240117037134,1.35410581882802,2.10657718523763,8.21048281684917,0.763078828204405,1.44772294455852,0.951354008809551,9.94729610803412,2.04030263506941,1.35748676154573
