"n","q","B2","s2","x.theta.scale","x.gamma","c.gamma","x.correct","c.correct","mx","mc","my","seed","Bor.B1","Bor.B2","Bor.B3","Bor.B4","Bcc.B1","Bcc.B2","Bcc.B3","Bcc.B4","Bml.B1","Bml.B2","Bml.B3","Bml.B4","Bsp.B1","Bsp.B2","Bsp.B3","Bsp.B4"
4000,0.8,10,4,0.5,1,4,1,1,60,20,5,9000001,0.98079634645911,10.0445998644061,1.97065084297534,1.36777968821693,0.859525080687802,10.6467544811917,2.08820597995983,1.37709904488445,1.16033796568866,9.64531423649175,1.84085578971754,1.42526521664686,1.03105419084699,10.1107302676581,1.97222103358093,1.37078131308004
4000,0.8,10,4,0.5,1,4,0,1,60,20,5,9000001,0.98079634645911,10.0445998644061,1.97065084297534,1.36777968821693,0.859525080687802,10.6467544811917,2.08820597995983,1.37709904488445,2.31056787785827,7.81301220257519,0.62056182336888,1.46696822181193,1.23244590875206,9.51741858087485,1.82547090313779,1.38932535856885
4000,0.8,10,4,0.5,1,4,1,0,60,20,5,9000001,0.98079634645911,10.0445998644061,1.97065084297534,1.36777968821693,0.859525080687802,10.6467544811917,2.08820597995983,1.37709904488445,1.16033796568866,9.64531423649175,1.84085578971754,1.42526521664686,0.929512237238505,10.3975450247706,2.05245141566902,1.37543092397665
4000,0.8,10,4,0.5,1,4,0,0,60,20,5,9000001,0.98079634645911,10.0445998644061,1.97065084297534,1.36777968821693,0.859525080687802,10.6467544811917,2.08820597995983,1.37709904488445,2.31056787785827,7.81301220257519,0.62056182336888,1.46696822181193,1.03705183239029,10.0760927220244,1.9827580223574,1.37898092213404
